"PANGO Lineage"	"Partial-aliased PANGO Lineage"	"Unaliased PANGO Lineage"	"Designation Date"	"GitHub Issue"
B.1.1.529	BA	B.1.1.529	2021-11-24	#343
BA.1	BA.1	B.1.1.529.1	2021-12-07	#361
BA.1.1	BA.1.1	B.1.1.529.1.1	2022-01-07	#360
BA.1.1.1	BA.1.1.1	B.1.1.529.1.1.1	2022-02-23
BC.1	BA.1.1.1.1	B.1.1.529.1.1.1.1	2022-02-23
BC.2	BA.1.1.1.2	B.1.1.529.1.1.1.2	2022-06-13	#570
BA.1.1.2	BA.1.1.2	B.1.1.529.1.1.2	2022-02-23
BA.1.1.3	BA.1.1.3	B.1.1.529.1.1.3	2022-02-23
BA.1.1.4	BA.1.1.4	B.1.1.529.1.1.4	2022-02-23
BA.1.1.5	BA.1.1.5	B.1.1.529.1.1.5	2022-02-23
BA.1.1.6	BA.1.1.6	B.1.1.529.1.1.6	2022-02-23
BA.1.1.7	BA.1.1.7	B.1.1.529.1.1.7	2022-02-23
BA.1.1.8	BA.1.1.8	B.1.1.529.1.1.8	2022-02-23
BA.1.1.9	BA.1.1.9	B.1.1.529.1.1.9	2022-02-23
BA.1.1.10	BA.1.1.10	B.1.1.529.1.1.10	2022-02-23
BA.1.1.11	BA.1.1.11	B.1.1.529.1.1.11	2022-02-23
BA.1.1.12	BA.1.1.12	B.1.1.529.1.1.12	2022-02-23
BA.1.1.13	BA.1.1.13	B.1.1.529.1.1.13	2022-02-23
BA.1.1.14	BA.1.1.14	B.1.1.529.1.1.14	2022-02-23
BA.1.1.15	BA.1.1.15	B.1.1.529.1.1.15	2022-02-23
BA.1.1.16	BA.1.1.16	B.1.1.529.1.1.16	2022-02-23
BA.1.1.17	BA.1.1.17	B.1.1.529.1.1.17	2022-04-14	#452
BA.1.1.18	BA.1.1.18	B.1.1.529.1.1.18	2022-04-20
BA.1.2	BA.1.2	B.1.1.529.1.2	2022-02-16
BA.1.3	BA.1.3	B.1.1.529.1.3	2022-02-16
BA.1.4	BA.1.4	B.1.1.529.1.4	2022-02-16
BA.1.5	BA.1.5	B.1.1.529.1.5	2022-02-16
BA.1.6	BA.1.6	B.1.1.529.1.6	2022-02-16
BA.1.7	BA.1.7	B.1.1.529.1.7	2022-02-16
BA.1.8	BA.1.8	B.1.1.529.1.8	2022-02-16
BA.1.9	BA.1.9	B.1.1.529.1.9	2022-02-16
BA.1.10	BA.1.10	B.1.1.529.1.10	2022-02-16
BA.1.12	BA.1.12	B.1.1.529.1.12	2022-02-16
BA.1.13	BA.1.13	B.1.1.529.1.13	2022-02-16
BA.1.13.1	BA.1.13.1	B.1.1.529.1.13.1	2022-02-16
BA.1.14	BA.1.14	B.1.1.529.1.14	2022-02-16
BA.1.14.1	BA.1.14.1	B.1.1.529.1.14.1	2022-04-08	#506
BA.1.14.2	BA.1.14.2	B.1.1.529.1.14.2	2022-04-08
BA.1.15	BA.1.15	B.1.1.529.1.15	2022-02-16
BA.1.15.1	BA.1.15.1	B.1.1.529.1.15.1	2022-02-16
BA.1.15.2	BA.1.15.2	B.1.1.529.1.15.2	2022-04-08	#508
BA.1.15.3	BA.1.15.3	B.1.1.529.1.15.3	2022-06-13	#573
BA.1.16	BA.1.16	B.1.1.529.1.16	2022-02-23
BA.1.16.1	BA.1.16.1	B.1.1.529.1.16.1	2022-02-23
BA.1.16.2	BA.1.16.2	B.1.1.529.1.16.2	2022-04-14
BA.1.17	BA.1.17	B.1.1.529.1.17	2022-02-23
BA.1.17.1	BA.1.17.1	B.1.1.529.1.17.1	2022-02-23
BA.1.17.2	BA.1.17.2	B.1.1.529.1.17.2	2022-04-01	#462
BD.1	BA.1.17.2.1	B.1.1.529.1.17.2.1	2022-06-10	#461
BA.1.18	BA.1.18	B.1.1.529.1.18	2022-03-29	#474
BA.1.19	BA.1.19	B.1.1.529.1.19	2022-03-29
BA.1.20	BA.1.20	B.1.1.529.1.20	2022-04-08	#375
BA.1.21	BA.1.21	B.1.1.529.1.21	2022-04-08	#505
BA.1.21.1	BA.1.21.1	B.1.1.529.1.21.1	2022-04-08	#409
BA.1.22	BA.1.22	B.1.1.529.1.22	2022-04-19	#529
BA.1.23	BA.1.23	B.1.1.529.1.23	2022-06-07	#663
BA.1.24	BA.1.24	B.1.1.529.1.24	2022-06-08	#666
BA.2	BA.2	B.1.1.529.2	2021-12-07	#361
BA.2.1	BA.2.1	B.1.1.529.2.1	2022-02-25
BA.2.2	BA.2.2	B.1.1.529.2.2	2022-02-25
BA.2.2.1	BA.2.2.1	B.1.1.529.2.2.1	2022-06-13	#675
BA.2.3	BA.2.3	B.1.1.529.2.3	2022-02-25
BA.2.3.1	BA.2.3.1	B.1.1.529.2.3.1	2022-04-01	#495
BA.2.3.2	BA.2.3.2	B.1.1.529.2.3.2	2022-04-04
BS.1	BA.2.3.2.1	B.1.1.529.2.3.2.1	2022-09-12	#1052
BS.1.1	BA.2.3.2.1.1	B.1.1.529.2.3.2.1.1	2022-09-30	#1097
BS.1.2	BA.2.3.2.1.2	B.1.1.529.2.3.2.1.2	2022-11-02
BA.2.3.3	BA.2.3.3	B.1.1.529.2.3.3	2022-04-20	#524
BA.2.3.4	BA.2.3.4	B.1.1.529.2.3.4	2022-04-20
BA.2.3.5	BA.2.3.5	B.1.1.529.2.3.5	2022-05-30	#627
BA.2.3.6	BA.2.3.6	B.1.1.529.2.3.6	2022-05-31	#633
BA.2.3.7	BA.2.3.7	B.1.1.529.2.3.7	2022-06-04	#643
BA.2.3.8	BA.2.3.8	B.1.1.529.2.3.8	2022-06-10
BA.2.3.9	BA.2.3.9	B.1.1.529.2.3.9	2022-06-10
BA.2.3.10	BA.2.3.10	B.1.1.529.2.3.10	2022-06-10
BA.2.3.11	BA.2.3.11	B.1.1.529.2.3.11	2022-06-10
BA.2.3.12	BA.2.3.12	B.1.1.529.2.3.12	2022-06-10
BA.2.3.13	BA.2.3.13	B.1.1.529.2.3.13	2022-06-10
BA.2.3.14	BA.2.3.14	B.1.1.529.2.3.14	2022-06-10
BA.2.3.15	BA.2.3.15	B.1.1.529.2.3.15	2022-06-10
BA.2.3.16	BA.2.3.16	B.1.1.529.2.3.16	2022-06-14	#524
BP.1	BA.2.3.16.1	B.1.1.529.2.3.16.1	2022-09-02	#1009
BA.2.3.17	BA.2.3.17	B.1.1.529.2.3.17	2022-06-14	#677
BA.2.3.18	BA.2.3.18	B.1.1.529.2.3.18	2022-06-14	#687
BA.2.3.19	BA.2.3.19	B.1.1.529.2.3.19	2022-07-15	#824
BA.2.3.20	BA.2.3.20	B.1.1.529.2.3.20	2022-09-02	#1013
CM.1	BA.2.3.20.1	B.1.1.529.2.3.20.1	2022-10-11	#1129
CM.2	BA.2.3.20.2	B.1.1.529.2.3.20.2	2022-10-13
CM.2.1	BA.2.3.20.2.1	B.1.1.529.2.3.20.2.1	2022-11-22	#1356
CM.3	BA.2.3.20.3	B.1.1.529.2.3.20.3	2022-10-15
CM.4	BA.2.3.20.4	B.1.1.529.2.3.20.4	2022-10-21
CM.4.1	BA.2.3.20.4.1	B.1.1.529.2.3.20.4.1	2022-12-15
CM.5	BA.2.3.20.5	B.1.1.529.2.3.20.5	2022-10-21
CM.5.1	BA.2.3.20.5.1	B.1.1.529.2.3.20.5.1	2022-11-02
CM.5.2	BA.2.3.20.5.2	B.1.1.529.2.3.20.5.2	2022-12-15	#1386
CM.6	BA.2.3.20.6	B.1.1.529.2.3.20.6	2022-10-21
CM.6.1	BA.2.3.20.6.1	B.1.1.529.2.3.20.6.1	2022-11-10
CM.7	BA.2.3.20.7	B.1.1.529.2.3.20.7	2022-11-04
CM.8	BA.2.3.20.8	B.1.1.529.2.3.20.8	2022-11-05
CM.8.1	BA.2.3.20.8.1	B.1.1.529.2.3.20.8.1	2022-11-10
CM.9	BA.2.3.20.9	B.1.1.529.2.3.20.9	2022-11-10
BA.2.3.21	BA.2.3.21	B.1.1.529.2.3.21	2022-10-13
DD.1	BA.2.3.21.1	B.1.1.529.2.3.21.1	2022-11-04	#1287
BA.2.4	BA.2.4	B.1.1.529.2.4	2022-03-25
BA.2.5	BA.2.5	B.1.1.529.2.5	2022-03-25
BA.2.6	BA.2.6	B.1.1.529.2.6	2022-03-25
BA.2.7	BA.2.7	B.1.1.529.2.7	2022-03-25
BA.2.8	BA.2.8	B.1.1.529.2.8	2022-03-28	#486
BA.2.9	BA.2.9	B.1.1.529.2.9	2022-04-01	#432
BA.2.9.1	BA.2.9.1	B.1.1.529.2.9.1	2022-04-08	#530
BA.2.9.2	BA.2.9.2	B.1.1.529.2.9.2	2022-04-20
BA.2.9.3	BA.2.9.3	B.1.1.529.2.9.3	2022-05-31	#630
BA.2.9.4	BA.2.9.4	B.1.1.529.2.9.4	2022-06-02	#635
BA.2.9.5	BA.2.9.5	B.1.1.529.2.9.5	2022-07-09
BA.2.9.6	BA.2.9.6	B.1.1.529.2.9.6	2022-08-08	#671
BA.2.9.7	BA.2.9.7	B.1.1.529.2.9.7	2022-11-01	#864
BA.2.10	BA.2.10	B.1.1.529.2.10	2022-04-01	#496
BA.2.10.1	BA.2.10.1	B.1.1.529.2.10.1	2022-04-04
BJ.1	BA.2.10.1.1	B.1.1.529.2.10.1.1	2022-08-10	#915
BA.2.10.2	BA.2.10.2	B.1.1.529.2.10.2	2022-05-10	#569
BA.2.10.3	BA.2.10.3	B.1.1.529.2.10.3	2022-05-14	#609
BA.2.10.4	BA.2.10.4	B.1.1.529.2.10.4	2022-08-09	#898
BA.2.11	BA.2.11	B.1.1.529.2.11	2022-04-06	#491
BA.2.12	BA.2.12	B.1.1.529.2.12	2022-04-06	#499
BA.2.12.1	BA.2.12.1	B.1.1.529.2.12.1	2022-04-06	#499
BG.1	BA.2.12.1.1	B.1.1.529.2.12.1.1	2022-06-14	#679
BG.2	BA.2.12.1.2	B.1.1.529.2.12.1.2	2022-06-18	#767
BG.3	BA.2.12.1.3	B.1.1.529.2.12.1.3	2022-06-24	#784
BG.4	BA.2.12.1.4	B.1.1.529.2.12.1.4	2022-06-26
BG.5	BA.2.12.1.5	B.1.1.529.2.12.1.5	2022-07-28	#763
BG.6	BA.2.12.1.6	B.1.1.529.2.12.1.6	2022-08-01	#836
BG.7	BA.2.12.1.7	B.1.1.529.2.12.1.7	2022-10-11	#1157
BA.2.12.2	BA.2.12.2	B.1.1.529.2.12.2	2022-06-11	#686
BA.2.13	BA.2.13	B.1.1.529.2.13	2022-04-08	#531
BA.2.13.1	BA.2.13.1	B.1.1.529.2.13.1	2022-07-12	#785
BA.2.14	BA.2.14	B.1.1.529.2.14	2022-04-14	#512
BA.2.15	BA.2.15	B.1.1.529.2.15	2022-04-14	#533
BA.2.16	BA.2.16	B.1.1.529.2.16	2022-04-14	#534
BA.2.17	BA.2.17	B.1.1.529.2.17	2022-04-19	#520
BA.2.18	BA.2.18	B.1.1.529.2.18	2022-04-19	#528
BA.2.19	BA.2.19	B.1.1.529.2.19	2022-04-19	#535
BA.2.20	BA.2.20	B.1.1.529.2.20	2022-04-19	#544
BA.2.21	BA.2.21	B.1.1.529.2.21	2022-04-19	#547
BA.2.22	BA.2.22	B.1.1.529.2.22	2022-04-19	#562
BA.2.23	BA.2.23	B.1.1.529.2.23	2022-04-19	#546
BA.2.23.1	BA.2.23.1	B.1.1.529.2.23.1	2022-05-09	#532
BA.2.24	BA.2.24	B.1.1.529.2.24	2022-04-19
BA.2.25	BA.2.25	B.1.1.529.2.25	2022-04-19
BA.2.25.1	BA.2.25.1	B.1.1.529.2.25.1	2022-04-19
BA.2.26	BA.2.26	B.1.1.529.2.26	2022-04-19
BA.2.27	BA.2.27	B.1.1.529.2.27	2022-04-20
BA.2.28	BA.2.28	B.1.1.529.2.28	2022-04-20
BA.2.29	BA.2.29	B.1.1.529.2.29	2022-04-20
BA.2.30	BA.2.30	B.1.1.529.2.30	2022-04-20
BA.2.31	BA.2.31	B.1.1.529.2.31	2022-04-20
BA.2.31.1	BA.2.31.1	B.1.1.529.2.31.1	2022-09-19	#819
BA.2.32	BA.2.32	B.1.1.529.2.32	2022-04-20
BA.2.33	BA.2.33	B.1.1.529.2.33	2022-04-20
BA.2.34	BA.2.34	B.1.1.529.2.34	2022-04-20
BA.2.35	BA.2.35	B.1.1.529.2.35	2022-04-29	#554
BA.2.36	BA.2.36	B.1.1.529.2.36	2022-05-01	#565
BA.2.37	BA.2.37	B.1.1.529.2.37	2022-05-03	#572
BA.2.38	BA.2.38	B.1.1.529.2.38	2022-05-06	#541
BA.2.38.1	BA.2.38.1	B.1.1.529.2.38.1	2022-07-07	#809
BA.2.38.2	BA.2.38.2	B.1.1.529.2.38.2	2022-07-24	#828
BA.2.38.3	BA.2.38.3	B.1.1.529.2.38.3	2022-08-06	#840
BA.2.38.4	BA.2.38.4	B.1.1.529.2.38.4	2022-10-12	#746
BH.1	BA.2.38.3.1	B.1.1.529.2.38.3.1	2022-08-08	#913
BA.2.39	BA.2.39	B.1.1.529.2.39	2022-05-08	#575
BA.2.40	BA.2.40	B.1.1.529.2.40	2022-05-10	#542
BA.2.40.1	BA.2.40.1	B.1.1.529.2.40.1	2022-05-10	#542
BA.2.41	BA.2.41	B.1.1.529.2.41	2022-05-11	#586
BA.2.42	BA.2.42	B.1.1.529.2.42	2022-05-18	#610
BA.2.43	BA.2.43	B.1.1.529.2.43	2022-05-19	#612
BA.2.44	BA.2.44	B.1.1.529.2.44	2022-05-21	#613
BA.2.45	BA.2.45	B.1.1.529.2.45	2022-05-23	#616
BA.2.46	BA.2.46	B.1.1.529.2.46	2022-05-30	#626
BA.2.47	BA.2.47	B.1.1.529.2.47	2022-05-31	#631
BA.2.48	BA.2.48	B.1.1.529.2.48	2022-06-01	#634
BA.2.49	BA.2.49	B.1.1.529.2.49	2022-06-03	#640
BA.2.50	BA.2.50	B.1.1.529.2.50	2022-06-04	#641
BA.2.51	BA.2.51	B.1.1.529.2.51	2022-06-04	#644
BA.2.52	BA.2.52	B.1.1.529.2.52	2022-06-05	#648
BA.2.53	BA.2.53	B.1.1.529.2.53	2022-06-05	#651
BA.2.54	BA.2.54	B.1.1.529.2.54	2022-06-06	#658
BA.2.55	BA.2.55	B.1.1.529.2.55	2022-06-06	#660
BA.2.56	BA.2.56	B.1.1.529.2.56	2022-06-08	#668
BA.2.56.1	BA.2.56.1	B.1.1.529.2.56.1	2022-06-13	#745
BA.2.57	BA.2.57	B.1.1.529.2.57	2022-06-09
BA.2.58	BA.2.58	B.1.1.529.2.58	2022-06-09
BA.2.59	BA.2.59	B.1.1.529.2.59	2022-06-09	#672
BA.2.60	BA.2.60	B.1.1.529.2.60	2022-06-10
BA.2.61	BA.2.61	B.1.1.529.2.61	2022-06-10
BA.2.62	BA.2.62	B.1.1.529.2.62	2022-06-10
BA.2.63	BA.2.63	B.1.1.529.2.63	2022-06-10
BA.2.64	BA.2.64	B.1.1.529.2.64	2022-06-10
BA.2.65	BA.2.65	B.1.1.529.2.65	2022-06-10
BA.2.66	BA.2.66	B.1.1.529.2.66	2022-06-10
BA.2.67	BA.2.67	B.1.1.529.2.67	2022-06-10
BA.2.68	BA.2.68	B.1.1.529.2.68	2022-06-10
BA.2.69	BA.2.69	B.1.1.529.2.69	2022-06-10
BA.2.70	BA.2.70	B.1.1.529.2.70	2022-06-10
BA.2.71	BA.2.71	B.1.1.529.2.71	2022-06-12	#695
BA.2.72	BA.2.72	B.1.1.529.2.72	2022-06-12	#698
BA.2.73	BA.2.73	B.1.1.529.2.73	2022-06-13	#632
BA.2.74	BA.2.74	B.1.1.529.2.74	2022-06-23	#775
BA.2.75	BA.2.75	B.1.1.529.2.75	2022-06-24	#773
BA.2.75.1	BA.2.75.1	B.1.1.529.2.75.1	2022-08-03	#856
BL.1	BA.2.75.1.1	B.1.1.529.2.75.1.1	2022-08-21	#944
BL.1.1	BA.2.75.1.1.1	B.1.1.529.2.75.1.1.1	2022-09-17	#1079
BL.1.2	BA.2.75.1.1.2	B.1.1.529.2.75.1.1.2	2022-09-17	#1066
BL.1.3	BA.2.75.1.1.3	B.1.1.529.2.75.1.1.3	2022-09-30	#1124
BL.1.4	BA.2.75.1.1.4	B.1.1.529.2.75.1.1.4	2022-10-16
BL.2	BA.2.75.1.2	B.1.1.529.2.75.1.2	2022-09-03
BL.2.1	BA.2.75.1.2.1	B.1.1.529.2.75.1.2.1	2022-10-14
BL.3	BA.2.75.1.3	B.1.1.529.2.75.1.3	2022-09-03
BL.4	BA.2.75.1.4	B.1.1.529.2.75.1.4	2022-09-03
BL.5	BA.2.75.1.5	B.1.1.529.2.75.1.5	2022-11-02	#1105
BA.2.75.2	BA.2.75.2	B.1.1.529.2.75.2	2022-08-19	#963
CA.1	BA.2.75.2.1	B.1.1.529.2.75.2.1	2022-09-21	#1063
CA.2	BA.2.75.2.2	B.1.1.529.2.75.2.2	2022-09-30
CA.3	BA.2.75.2.3	B.1.1.529.2.75.2.3	2022-10-15
CA.3.1	BA.2.75.2.3.1	B.1.1.529.2.75.2.3.1	2022-11-03
CA.4	BA.2.75.2.4	B.1.1.529.2.75.2.4	2022-10-15
CA.5	BA.2.75.2.5	B.1.1.529.2.75.2.5	2022-10-15
CA.6	BA.2.75.2.6	B.1.1.529.2.75.2.6	2022-10-16
CA.7	BA.2.75.2.7	B.1.1.529.2.75.2.7	2022-10-24
BA.2.75.3	BA.2.75.3	B.1.1.529.2.75.3	2022-08-21	#965
BM.1	BA.2.75.3.1	B.1.1.529.2.75.3.1	2022-08-30	#965
BM.1.1	BA.2.75.3.1.1	B.1.1.529.2.75.3.1.1	2022-09-03
BM.1.1.1	BA.2.75.3.1.1.1	B.1.1.529.2.75.3.1.1.1	2022-09-18
CJ.1	BA.2.75.3.1.1.1.1	B.1.1.529.2.75.3.1.1.1.1	2022-10-11	#1171
CJ.1.1	BA.2.75.3.1.1.1.1.1	B.1.1.529.2.75.3.1.1.1.1.1	2022-12-14	#1384
BM.1.1.2	BA.2.75.3.1.1.2	B.1.1.529.2.75.3.1.1.2	2022-10-15
BM.1.1.3	BA.2.75.3.1.1.3	B.1.1.529.2.75.3.1.1.3	2022-10-15
CV.1	BA.2.75.3.1.1.3.1	B.1.1.529.2.75.3.1.1.3.1	2022-10-23
CV.2	BA.2.75.3.1.1.3.2	B.1.1.529.2.75.3.1.1.3.2	2022-12-06
BM.2	BA.2.75.3.2	B.1.1.529.2.75.3.2	2022-09-03
BM.2.1	BA.2.75.3.2.1	B.1.1.529.2.75.3.2.1	2022-10-14
BM.2.2	BA.2.75.3.2.2	B.1.1.529.2.75.3.2.2	2022-10-14
BM.2.3	BA.2.75.3.2.3	B.1.1.529.2.75.3.2.3	2022-10-14
BM.3	BA.2.75.3.3	B.1.1.529.2.75.3.3	2022-09-03
BM.4	BA.2.75.3.4	B.1.1.529.2.75.3.4	2022-09-07	#957
BM.4.1	BA.2.75.3.4.1	B.1.1.529.2.75.3.4.1	2022-09-07	#957
BM.4.1.1	BA.2.75.3.4.1.1	B.1.1.529.2.75.3.4.1.1	2022-09-19
CH.1	BA.2.75.3.4.1.1.1	B.1.1.529.2.75.3.4.1.1.1	2022-10-11	#1113
CH.1.1	BA.2.75.3.4.1.1.1.1	B.1.1.529.2.75.3.4.1.1.1.1	2022-10-13	#1113
CH.1.1.1	BA.2.75.3.4.1.1.1.1.1	B.1.1.529.2.75.3.4.1.1.1.1.1	2022-11-29
CH.1.1.2	BA.2.75.3.4.1.1.1.1.2	B.1.1.529.2.75.3.4.1.1.1.1.2	2022-11-29
CH.1.1.3	BA.2.75.3.4.1.1.1.1.3	B.1.1.529.2.75.3.4.1.1.1.1.3	2022-12-15	#1405
CH.2	BA.2.75.3.4.1.1.2	B.1.1.529.2.75.3.4.1.1.2	2022-10-11
CH.3	BA.2.75.3.4.1.1.3	B.1.1.529.2.75.3.4.1.1.3	2022-12-01
CH.3.1	BA.2.75.3.4.1.1.3.1	B.1.1.529.2.75.3.4.1.1.3.1	2022-12-15	#1421
BM.5	BA.2.75.3.5	B.1.1.529.2.75.3.5	2022-09-18	#1047
BM.6	BA.2.75.3.6	B.1.1.529.2.75.3.6	2022-10-14
BA.2.75.4	BA.2.75.4	B.1.1.529.2.75.4	2022-08-21	#935
BR.1	BA.2.75.4.1	B.1.1.529.2.75.4.1	2022-09-03
BR.1.1	BA.2.75.4.1.1	B.1.1.529.2.75.4.1.1	2022-10-15
BR.1.2	BA.2.75.4.1.2	B.1.1.529.2.75.4.1.2	2022-10-15
BR.2	BA.2.75.4.2	B.1.1.529.2.75.4.2	2022-09-17	#1063
BR.2.1	BA.2.75.4.2.1	B.1.1.529.2.75.4.2.1	2022-11-09	#1292
BR.3	BA.2.75.4.3	B.1.1.529.2.75.4.3	2022-09-21	#1063
BR.4	BA.2.75.4.4	B.1.1.529.2.75.4.4	2022-10-12	#1179
BA.2.75.5	BA.2.75.5	B.1.1.529.2.75.5	2022-08-22	#947
BN.1	BA.2.75.5.1	B.1.1.529.2.75.5.1	2022-09-02	#994
BN.1.1	BA.2.75.5.1.1	B.1.1.529.2.75.5.1.1	2022-10-13
BN.1.1.1	BA.2.75.5.1.1.1	B.1.1.529.2.75.5.1.1.1	2022-10-15
BN.1.2	BA.2.75.5.1.2	B.1.1.529.2.75.5.1.2	2022-10-15
BN.1.2.1	BA.2.75.5.1.2.1	B.1.1.529.2.75.5.1.2.1	2022-10-20
BN.1.3	BA.2.75.5.1.3	B.1.1.529.2.75.5.1.3	2022-10-15
BN.1.3.1	BA.2.75.5.1.3.1	B.1.1.529.2.75.5.1.3.1	2022-10-31	#1257
BN.1.3.2	BA.2.75.5.1.3.2	B.1.1.529.2.75.5.1.3.2	2022-12-21	#1397
BN.1.4	BA.2.75.5.1.4	B.1.1.529.2.75.5.1.4	2022-10-20
BN.1.5	BA.2.75.5.1.5	B.1.1.529.2.75.5.1.5	2022-10-20
BN.1.6	BA.2.75.5.1.6	B.1.1.529.2.75.5.1.6	2022-10-20
BN.1.7	BA.2.75.5.1.7	B.1.1.529.2.75.5.1.7	2022-11-10
BN.1.8	BA.2.75.5.1.8	B.1.1.529.2.75.5.1.8	2022-11-22
BN.1.9	BA.2.75.5.1.9	B.1.1.529.2.75.5.1.9	2022-11-28	#1327
BN.2	BA.2.75.5.2	B.1.1.529.2.75.5.2	2022-09-03	#1021
BN.2.1	BA.2.75.5.2.1	B.1.1.529.2.75.5.2.1	2022-09-03
BN.3	BA.2.75.5.3	B.1.1.529.2.75.5.3	2022-10-15
BN.3.1	BA.2.75.5.3.1	B.1.1.529.2.75.5.3.1	2022-10-15
BN.4	BA.2.75.5.4	B.1.1.529.2.75.5.4	2022-10-15
BN.5	BA.2.75.5.5	B.1.1.529.2.75.5.5	2022-10-15
BN.6	BA.2.75.5.6	B.1.1.529.2.75.5.6	2022-10-15
BA.2.75.6	BA.2.75.6	B.1.1.529.2.75.6	2022-09-03
BY.1	BA.2.75.6.1	B.1.1.529.2.75.6.1	2022-09-19
BY.1.1	BA.2.75.6.1.1	B.1.1.529.2.75.6.1.1	2022-10-21
BY.1.1.1	BA.2.75.6.1.1.1	B.1.1.529.2.75.6.1.1.1	2022-10-21
BY.1.2	BA.2.75.6.1.2	B.1.1.529.2.75.6.1.2	2022-10-21
BY.1.2.1	BA.2.75.6.1.2.1	B.1.1.529.2.75.6.1.2.1	2022-10-21
BA.2.75.7	BA.2.75.7	B.1.1.529.2.75.7	2022-09-03
BA.2.75.8	BA.2.75.8	B.1.1.529.2.75.8	2022-09-20	#1085
BA.2.75.9	BA.2.75.9	B.1.1.529.2.75.9	2022-09-30
CB.1	BA.2.75.9.1	B.1.1.529.2.75.9.1	2022-09-30
BA.2.75.10	BA.2.75.10	B.1.1.529.2.75.10	2022-10-15
BA.2.76	BA.2.76	B.1.1.529.2.76	2022-07-02	#787
BA.2.76.1	BA.2.76.1	B.1.1.529.2.76.1	2022-08-10	#899
BA.2.76.2	BA.2.76.2	B.1.1.529.2.76.2	2022-08-19	#939
BA.2.77	BA.2.77	B.1.1.529.2.77	2022-07-03	#732
BA.2.78	BA.2.78	B.1.1.529.2.78	2022-07-07	#814
BA.2.79	BA.2.79	B.1.1.529.2.79	2022-07-07	#812
BA.2.79.1	BA.2.79.1	B.1.1.529.2.79.1	2022-07-07	#814
BA.2.80	BA.2.80	B.1.1.529.2.80	2022-07-08	#733
BA.2.81	BA.2.81	B.1.1.529.2.81	2022-07-09
BA.2.82	BA.2.82	B.1.1.529.2.82	2022-08-12	#874
BA.2.83	BA.2.83	B.1.1.529.2.83	2022-09-18	#1053
BA.2.85	BA.2.85	B.1.1.529.2.85	2022-09-30	#983
BA.3	BA.3	B.1.1.529.3	2021-12-14	#367
BA.3.1	BA.3.1	B.1.1.529.3.1	2022-04-21	#540
BA.4	BA.4	B.1.1.529.4	2022-04-06	#517
BA.4.1	BA.4.1	B.1.1.529.4.1	2022-05-22	#548
BA.4.1.1	BA.4.1.1	B.1.1.529.4.1.1	2022-06-08	#667
BA.4.1.2	BA.4.1.2	B.1.1.529.4.1.2	2022-06-09
BA.4.1.3	BA.4.1.3	B.1.1.529.4.1.3	2022-06-26
BA.4.1.4	BA.4.1.4	B.1.1.529.4.1.4	2022-06-26
BA.4.1.5	BA.4.1.5	B.1.1.529.4.1.5	2022-07-22
BA.4.1.6	BA.4.1.6	B.1.1.529.4.1.6	2022-07-22
BA.4.1.7	BA.4.1.7	B.1.1.529.4.1.7	2022-07-22
BA.4.1.8	BA.4.1.8	B.1.1.529.4.1.8	2022-07-29	#800
BA.4.1.9	BA.4.1.9	B.1.1.529.4.1.9	2022-08-27	#926
BA.4.1.10	BA.4.1.10	B.1.1.529.4.1.10	2022-09-18	#1073
CS.1	BA.4.1.10.1	B.1.1.529.4.1.10.1	2022-10-14
BA.4.2	BA.4.2	B.1.1.529.4.2	2022-06-26
BA.4.3	BA.4.3	B.1.1.529.4.3	2022-06-26
BA.4.4	BA.4.4	B.1.1.529.4.4	2022-06-26
BA.4.5	BA.4.5	B.1.1.529.4.5	2022-06-26
BA.4.6	BA.4.6	B.1.1.529.4.6	2022-07-03	#741
BA.4.6.1	BA.4.6.1	B.1.1.529.4.6.1	2022-09-05	#900
BA.4.6.2	BA.4.6.2	B.1.1.529.4.6.2	2022-10-11	#1198
BA.4.6.3	BA.4.6.3	B.1.1.529.4.6.3	2022-10-11	#1195
BA.4.6.4	BA.4.6.4	B.1.1.529.4.6.4	2022-10-14
BA.4.6.5	BA.4.6.5	B.1.1.529.4.6.5	2022-11-04
DC.1	BA.4.6.5.1	B.1.1.529.4.6.5.1	2022-11-04
BA.4.7	BA.4.7	B.1.1.529.4.7	2022-07-09	#777
BA.4.8	BA.4.8	B.1.1.529.4.8	2022-08-21	#670
BA.5	BA.5	B.1.1.529.5	2022-04-06	#517
BA.5.1	BA.5.1	B.1.1.529.5.1	2022-05-11
BA.5.1.1	BA.5.1.1	B.1.1.529.5.1.1	2022-06-24
BA.5.1.2	BA.5.1.2	B.1.1.529.5.1.2	2022-06-25	#790
BA.5.1.3	BA.5.1.3	B.1.1.529.5.1.3	2022-06-26	#765
BA.5.1.4	BA.5.1.4	B.1.1.529.5.1.4	2022-07-03	#801
BA.5.1.5	BA.5.1.5	B.1.1.529.5.1.5	2022-07-20	#835
BA.5.1.6	BA.5.1.6	B.1.1.529.5.1.6	2022-07-22
BA.5.1.7	BA.5.1.7	B.1.1.529.5.1.7	2022-07-22
BA.5.1.8	BA.5.1.8	B.1.1.529.5.1.8	2022-07-22
BA.5.1.9	BA.5.1.9	B.1.1.529.5.1.9	2022-08-03	#786
BA.5.1.10	BA.5.1.10	B.1.1.529.5.1.10	2022-08-16	#901
BK.1	BA.5.1.10.1	B.1.1.529.5.1.10.1	2022-08-16	#901
BA.5.1.11	BA.5.1.11	B.1.1.529.5.1.11	2022-08-18	#908
BA.5.1.12	BA.5.1.12	B.1.1.529.5.1.12	2022-08-22	#902
BA.5.1.13	BA.5.1.13	B.1.1.529.5.1.13	2022-08-22	#955
BA.5.1.14	BA.5.1.14	B.1.1.529.5.1.14	2022-08-22
BA.5.1.15	BA.5.1.15	B.1.1.529.5.1.15	2022-08-26
DL.1	BA.5.1.15.1	B.1.1.529.5.1.15.1	2022-12-03	#1376
BA.5.1.16	BA.5.1.16	B.1.1.529.5.1.16	2022-08-26
BA.5.1.17	BA.5.1.17	B.1.1.529.5.1.17	2022-08-26
BA.5.1.18	BA.5.1.18	B.1.1.529.5.1.18	2022-08-28	#930
BA.5.1.19	BA.5.1.19	B.1.1.529.5.1.19	2022-09-04	#999
BA.5.1.20	BA.5.1.20	B.1.1.529.5.1.20	2022-09-07	#1000
BA.5.1.21	BA.5.1.21	B.1.1.529.5.1.21	2022-09-14	#958
BT.1	BA.5.1.21.1	B.1.1.529.5.1.21.1	2022-09-14	#958
BT.2	BA.5.1.21.2	B.1.1.529.5.1.21.2	2022-10-17	#1192
BA.5.1.22	BA.5.1.22	B.1.1.529.5.1.22	2022-09-29	#1135
DH.1	BA.5.1.22.1	B.1.1.529.5.1.22.1	2022-11-09	#1242
BA.5.1.23	BA.5.1.23	B.1.1.529.5.1.23	2022-09-29	#1135
DE.1	BA.5.1.23.1	B.1.1.529.5.1.23.1	2022-11-05
DE.2	BA.5.1.23.2	B.1.1.529.5.1.23.2	2022-11-05
BA.5.1.24	BA.5.1.24	B.1.1.529.5.1.24	2022-09-29	#1135
BA.5.1.25	BA.5.1.25	B.1.1.529.5.1.25	2022-09-29	#1135
DJ.1	BA.5.1.25.1	B.1.1.529.5.1.25.1	2022-11-23	#1245
DJ.1.1	BA.5.1.25.1.1	B.1.1.529.5.1.25.1.1	2022-11-23	#1245
DJ.1.2	BA.5.1.25.1.2	B.1.1.529.5.1.25.1.2	2022-12-10	#1379
BA.5.1.26	BA.5.1.26	B.1.1.529.5.1.26	2022-09-30
CU.1	BA.5.1.26.1	B.1.1.529.5.1.26.1	2022-10-16
BA.5.1.27	BA.5.1.27	B.1.1.529.5.1.27	2022-09-30
BA.5.1.28	BA.5.1.28	B.1.1.529.5.1.28	2022-09-30
BA.5.1.29	BA.5.1.29	B.1.1.529.5.1.29	2022-10-07	#1060
CL.1	BA.5.1.29.1	B.1.1.529.5.1.29.1	2022-10-11	#1187
BA.5.1.30	BA.5.1.30	B.1.1.529.5.1.30	2022-10-23
BA.5.1.31	BA.5.1.31	B.1.1.529.5.1.31	2022-11-15	#991
BA.5.2	BA.5.2	B.1.1.529.5.2	2022-05-25	#551
BA.5.2.1	BA.5.2.1	B.1.1.529.5.2.1	2022-06-02	#657
BF.1	BA.5.2.1.1	B.1.1.529.5.2.1.1	2022-06-02	#618
BF.1.1	BA.5.2.1.1.1	B.1.1.529.5.2.1.1.1	2022-06-24
BF.2	BA.5.2.1.2	B.1.1.529.5.2.1.2	2022-06-24
BF.3	BA.5.2.1.3	B.1.1.529.5.2.1.3	2022-06-24
BF.3.1	BA.5.2.1.3.1	B.1.1.529.5.2.1.3.1	2022-07-27	#825
BF.4	BA.5.2.1.4	B.1.1.529.5.2.1.4	2022-06-25	#788
BF.5	BA.5.2.1.5	B.1.1.529.5.2.1.5	2022-07-01
BF.6	BA.5.2.1.6	B.1.1.529.5.2.1.6	2022-07-14	#821
BF.7	BA.5.2.1.7	B.1.1.529.5.2.1.7	2022-07-16	#827
BF.7.1	BA.5.2.1.7.1	B.1.1.529.5.2.1.7.1	2022-10-05	#1132
BF.7.2	BA.5.2.1.7.2	B.1.1.529.5.2.1.7.2	2022-10-13	#1216
BF.7.3	BA.5.2.1.7.3	B.1.1.529.5.2.1.7.3	2022-10-14
BF.7.4	BA.5.2.1.7.4	B.1.1.529.5.2.1.7.4	2022-10-16
BF.7.4.1	BA.5.2.1.7.4.1	B.1.1.529.5.2.1.7.4.1	2022-10-31	#1253
BF.7.4.2	BA.5.2.1.7.4.2	B.1.1.529.5.2.1.7.4.2	2022-11-02
BF.7.5	BA.5.2.1.7.5	B.1.1.529.5.2.1.7.5	2022-10-16
BF.7.5.1	BA.5.2.1.7.5.1	B.1.1.529.5.2.1.7.5.1	2022-11-13	#1317
BF.7.6	BA.5.2.1.7.6	B.1.1.529.5.2.1.7.6	2022-10-16
BF.7.7	BA.5.2.1.7.7	B.1.1.529.5.2.1.7.7	2022-10-16
BF.7.8	BA.5.2.1.7.8	B.1.1.529.5.2.1.7.8	2022-10-16
BF.7.9	BA.5.2.1.7.9	B.1.1.529.5.2.1.7.9	2022-10-16
BF.7.10	BA.5.2.1.7.10	B.1.1.529.5.2.1.7.10	2022-10-16
BF.7.11	BA.5.2.1.7.11	B.1.1.529.5.2.1.7.11	2022-10-16
BF.7.12	BA.5.2.1.7.12	B.1.1.529.5.2.1.7.12	2022-10-16
BF.7.13	BA.5.2.1.7.13	B.1.1.529.5.2.1.7.13	2022-11-03
BF.7.13.1	BA.5.2.1.7.13.1	B.1.1.529.5.2.1.7.13.1	2022-11-03
BF.7.13.2	BA.5.2.1.7.13.2	B.1.1.529.5.2.1.7.13.2	2022-11-03
BF.8	BA.5.2.1.8	B.1.1.529.5.2.1.8	2022-07-22
BF.9	BA.5.2.1.9	B.1.1.529.5.2.1.9	2022-07-22
BF.10	BA.5.2.1.10	B.1.1.529.5.2.1.10	2022-07-22
BF.10.1	BA.5.2.1.10.1	B.1.1.529.5.2.1.10.1	2022-12-18	#1442
BF.11	BA.5.2.1.11	B.1.1.529.5.2.1.11	2022-07-25	#837
BF.11.1	BA.5.2.1.11.1	B.1.1.529.5.2.1.11.1	2022-10-16
BF.11.2	BA.5.2.1.11.2	B.1.1.529.5.2.1.11.2	2022-10-16
BF.11.3	BA.5.2.1.11.3	B.1.1.529.5.2.1.11.3	2022-10-16
BF.11.4	BA.5.2.1.11.4	B.1.1.529.5.2.1.11.4	2022-10-16
BF.11.5	BA.5.2.1.11.5	B.1.1.529.5.2.1.11.5	2022-10-16
BF.12	BA.5.2.1.12	B.1.1.529.5.2.1.12	2022-07-27	#752
BF.13	BA.5.2.1.13	B.1.1.529.5.2.1.13	2022-08-15	#883
BF.14	BA.5.2.1.14	B.1.1.529.5.2.1.14	2022-08-16	#843
BF.15	BA.5.2.1.15	B.1.1.529.5.2.1.15	2022-08-21	#893
BF.16	BA.5.2.1.16	B.1.1.529.5.2.1.16	2022-08-23	#942
BF.17	BA.5.2.1.17	B.1.1.529.5.2.1.17	2022-08-26
BF.18	BA.5.2.1.18	B.1.1.529.5.2.1.18	2022-08-26
BF.19	BA.5.2.1.19	B.1.1.529.5.2.1.19	2022-08-26
BF.20	BA.5.2.1.20	B.1.1.529.5.2.1.20	2022-08-26
BF.21	BA.5.2.1.21	B.1.1.529.5.2.1.21	2022-08-26
BF.22	BA.5.2.1.22	B.1.1.529.5.2.1.22	2022-08-31	#1010
BF.23	BA.5.2.1.23	B.1.1.529.5.2.1.23	2022-09-15	#1036
BF.24	BA.5.2.1.24	B.1.1.529.5.2.1.24	2022-09-19
BF.25	BA.5.2.1.25	B.1.1.529.5.2.1.25	2022-09-22
BF.26	BA.5.2.1.26	B.1.1.529.5.2.1.26	2022-09-29	#1142
BF.27	BA.5.2.1.27	B.1.1.529.5.2.1.27	2022-09-29	#1140
BF.28	BA.5.2.1.28	B.1.1.529.5.2.1.28	2022-09-29	#1141
BF.29	BA.5.2.1.29	B.1.1.529.5.2.1.29	2022-10-12	#1162
BF.30	BA.5.2.1.30	B.1.1.529.5.2.1.30	2022-10-14
BF.31	BA.5.2.1.31	B.1.1.529.5.2.1.31	2022-11-01
BF.31.1	BA.5.2.1.31.1	B.1.1.529.5.2.1.31.1	2022-11-01
BF.32	BA.5.2.1.32	B.1.1.529.5.2.1.32	2022-11-01	#1250
BF.33	BA.5.2.1.33	B.1.1.529.5.2.1.33	2022-11-04
BF.34	BA.5.2.1.34	B.1.1.529.5.2.1.34	2022-11-08	#1233
BA.5.2.2	BA.5.2.2	B.1.1.529.5.2.2	2022-06-24
BA.5.2.3	BA.5.2.3	B.1.1.529.5.2.3	2022-06-24
BZ.1	BA.5.2.3.1	B.1.1.529.5.2.3.1	2022-09-21
BA.5.2.4	BA.5.2.4	B.1.1.529.5.2.4	2022-07-01
BA.5.2.5	BA.5.2.5	B.1.1.529.5.2.5	2022-07-22
BA.5.2.6	BA.5.2.6	B.1.1.529.5.2.6	2022-08-21	#870
CP.1	BA.5.2.6.1	B.1.1.529.5.2.6.1	2022-10-13
CP.1.1	BA.5.2.6.1.1	B.1.1.529.5.2.6.1.1	2022-10-13
CP.1.2	BA.5.2.6.1.2	B.1.1.529.5.2.6.1.2	2022-11-02
CP.1.3	BA.5.2.6.1.3	B.1.1.529.5.2.6.1.3	2022-11-02
CP.2	BA.5.2.6.2	B.1.1.529.5.2.6.2	2022-11-02
CP.3	BA.5.2.6.3	B.1.1.529.5.2.6.3	2022-11-02
CP.4	BA.5.2.6.4	B.1.1.529.5.2.6.4	2022-11-02
CP.5	BA.5.2.6.5	B.1.1.529.5.2.6.5	2022-11-02
CP.6	BA.5.2.6.6	B.1.1.529.5.2.6.6	2022-11-02
BA.5.2.7	BA.5.2.7	B.1.1.529.5.2.7	2022-08-21	#924
CY.1	BA.5.2.7.1	B.1.1.529.5.2.7.1	2022-11-01	#1247
BA.5.2.8	BA.5.2.8	B.1.1.529.5.2.8	2022-08-26
BA.5.2.9	BA.5.2.9	B.1.1.529.5.2.9	2022-08-26
BA.5.2.10	BA.5.2.10	B.1.1.529.5.2.10	2022-08-26
BA.5.2.11	BA.5.2.11	B.1.1.529.5.2.11	2022-08-26
BA.5.2.12	BA.5.2.12	B.1.1.529.5.2.12	2022-08-26
BA.5.2.13	BA.5.2.13	B.1.1.529.5.2.13	2022-09-06	#959
BA.5.2.14	BA.5.2.14	B.1.1.529.5.2.14	2022-09-06	#1002
BA.5.2.16	BA.5.2.16	B.1.1.529.5.2.16	2022-09-14	#1065
BU.1	BA.5.2.16.1	B.1.1.529.5.2.16.1	2022-09-16	#1065
BU.2	BA.5.2.16.2	B.1.1.529.5.2.16.2	2022-10-15
BU.3	BA.5.2.16.3	B.1.1.529.5.2.16.3	2022-10-23
BA.5.2.18	BA.5.2.18	B.1.1.529.5.2.18	2022-09-17	#1025
CR.1	BA.5.2.18.1	B.1.1.529.5.2.18.1	2022-10-13
CR.1.1	BA.5.2.18.1.1	B.1.1.529.5.2.18.1.1	2022-11-02
CR.1.2	BA.5.2.18.1.2	B.1.1.529.5.2.18.1.2	2022-11-05
CR.1.3	BA.5.2.18.1.3	B.1.1.529.5.2.18.1.3	2022-12-16	#1355
CR.2	BA.5.2.18.2	B.1.1.529.5.2.18.2	2022-10-13
BA.5.2.19	BA.5.2.19	B.1.1.529.5.2.19	2022-09-18	#916
BA.5.2.20	BA.5.2.20	B.1.1.529.5.2.20	2022-09-18
BV.1	BA.5.2.20.1	B.1.1.529.5.2.20.1	2022-09-18	#1019
BV.2	BA.5.2.20.2	B.1.1.529.5.2.20.2	2022-09-23
BA.5.2.21	BA.5.2.21	B.1.1.529.5.2.21	2022-09-18
CN.1	BA.5.2.21.1	B.1.1.529.5.2.21.1	2022-10-12	#1108
CN.2	BA.5.2.21.2	B.1.1.529.5.2.21.2	2022-12-15	#1404
BA.5.2.22	BA.5.2.22	B.1.1.529.5.2.22	2022-09-20	#945
BA.5.2.23	BA.5.2.23	B.1.1.529.5.2.23	2022-09-20	#1090
BA.5.2.24	BA.5.2.24	B.1.1.529.5.2.24	2022-09-22
CK.1	BA.5.2.24.1	B.1.1.529.5.2.24.1	2022-10-11	#1120
CK.2	BA.5.2.24.2	B.1.1.529.5.2.24.2	2022-10-20
CK.2.1	BA.5.2.24.2.1	B.1.1.529.5.2.24.2.1	2022-10-20
CK.2.1.1	BA.5.2.24.2.1.1	B.1.1.529.5.2.24.2.1.1	2022-10-20
CK.3	BA.5.2.24.3	B.1.1.529.5.2.24.3	2022-11-14	#1121
DG.1	BA.5.2.24.2.1.1.1	B.1.1.529.5.2.24.2.1.1.1	2022-11-09
BA.5.2.25	BA.5.2.25	B.1.1.529.5.2.25	2022-09-25	#1111
DB.1	BA.5.2.25.1	B.1.1.529.5.2.25.1	2022-11-04
DB.2	BA.5.2.25.2	B.1.1.529.5.2.25.2	2022-11-04
BA.5.2.26	BA.5.2.26	B.1.1.529.5.2.26	2022-09-29	#1133
BA.5.2.27	BA.5.2.27	B.1.1.529.5.2.27	2022-09-29	#1133
CF.1	BA.5.2.27.1	B.1.1.529.5.2.27.1	2022-09-30	#1054
CG.1	BA.5.2.26.1	B.1.1.529.5.2.26.1	2022-10-03	#1126
BA.5.2.28	BA.5.2.28	B.1.1.529.5.2.28	2022-09-29	#1133
BA.5.2.29	BA.5.2.29	B.1.1.529.5.2.29	2022-09-30	#1050
BA.5.2.30	BA.5.2.30	B.1.1.529.5.2.30	2022-09-30
BA.5.2.31	BA.5.2.31	B.1.1.529.5.2.31	2022-09-30
CD.1	BA.5.2.31.1	B.1.1.529.5.2.31.1	2022-09-30
CD.2	BA.5.2.31.2	B.1.1.529.5.2.31.2	2022-09-30
BA.5.2.32	BA.5.2.32	B.1.1.529.5.2.32	2022-09-30
BA.5.2.33	BA.5.2.33	B.1.1.529.5.2.33	2022-09-30
CE.1	BA.5.2.33.1	B.1.1.529.5.2.33.1	2022-09-30
BA.5.2.34	BA.5.2.34	B.1.1.529.5.2.34	2022-10-12	#992
BA.5.2.35	BA.5.2.35	B.1.1.529.5.2.35	2022-10-13
BA.5.2.36	BA.5.2.36	B.1.1.529.5.2.36	2022-10-15
CT.1	BA.5.2.36.1	B.1.1.529.5.2.36.1	2022-10-15
BA.5.2.37	BA.5.2.37	B.1.1.529.5.2.37	2022-10-17	#1117
BA.5.2.38	BA.5.2.38	B.1.1.529.5.2.38	2022-11-03
DA.1	BA.5.2.38.1	B.1.1.529.5.2.38.1	2022-11-03
BA.5.2.39	BA.5.2.39	B.1.1.529.5.2.39	2022-11-04
BA.5.2.40	BA.5.2.40	B.1.1.529.5.2.40	2022-11-04
BA.5.2.41	BA.5.2.41	B.1.1.529.5.2.41	2022-11-13	#1328
BA.5.2.42	BA.5.2.42	B.1.1.529.5.2.42	2022-11-23	#1266
BA.5.2.43	BA.5.2.43	B.1.1.529.5.2.43	2022-11-26	#1312
BA.5.2.44	BA.5.2.44	B.1.1.529.5.2.44	2022-11-29
BA.5.2.45	BA.5.2.45	B.1.1.529.5.2.45	2022-12-03	#1383
BA.5.3	BA.5.3	B.1.1.529.5.3	2022-05-29	#550
BA.5.3.1	BA.5.3.1	B.1.1.529.5.3.1	2022-05-31	#625
BE.1	BA.5.3.1.1	B.1.1.529.5.3.1.1	2022-05-31	#625
BE.1.1	BA.5.3.1.1.1	B.1.1.529.5.3.1.1.1	2022-06-24
BE.1.1.1	BA.5.3.1.1.1.1	B.1.1.529.5.3.1.1.1.1	2022-08-24	#931
BQ.1	BA.5.3.1.1.1.1.1	B.1.1.529.5.3.1.1.1.1.1	2022-09-02	#993
BQ.1.1	BA.5.3.1.1.1.1.1.1	B.1.1.529.5.3.1.1.1.1.1.1	2022-09-09	#993
BQ.1.1.1	BA.5.3.1.1.1.1.1.1.1	B.1.1.529.5.3.1.1.1.1.1.1.1	2022-10-15
CZ.1	BA.5.3.1.1.1.1.1.1.1.1	B.1.1.529.5.3.1.1.1.1.1.1.1.1	2022-11-03
BQ.1.1.2	BA.5.3.1.1.1.1.1.1.2	B.1.1.529.5.3.1.1.1.1.1.1.2	2022-10-19	#1209
BQ.1.1.3	BA.5.3.1.1.1.1.1.1.3	B.1.1.529.5.3.1.1.1.1.1.1.3	2022-10-20
BQ.1.1.4	BA.5.3.1.1.1.1.1.1.4	B.1.1.529.5.3.1.1.1.1.1.1.4	2022-10-20
BQ.1.1.5	BA.5.3.1.1.1.1.1.1.5	B.1.1.529.5.3.1.1.1.1.1.1.5	2022-10-20
BQ.1.1.6	BA.5.3.1.1.1.1.1.1.6	B.1.1.529.5.3.1.1.1.1.1.1.6	2022-10-20
BQ.1.1.7	BA.5.3.1.1.1.1.1.1.7	B.1.1.529.5.3.1.1.1.1.1.1.7	2022-10-20
DK.1	BA.5.3.1.1.1.1.1.1.7.1	B.1.1.529.5.3.1.1.1.1.1.1.7.1	2022-11-30
BQ.1.1.8	BA.5.3.1.1.1.1.1.1.8	B.1.1.529.5.3.1.1.1.1.1.1.8	2022-10-20
BQ.1.1.9	BA.5.3.1.1.1.1.1.1.9	B.1.1.529.5.3.1.1.1.1.1.1.9	2022-10-20
BQ.1.1.10	BA.5.3.1.1.1.1.1.1.10	B.1.1.529.5.3.1.1.1.1.1.1.10	2022-10-20
BQ.1.1.11	BA.5.3.1.1.1.1.1.1.11	B.1.1.529.5.3.1.1.1.1.1.1.11	2022-10-21
BQ.1.1.12	BA.5.3.1.1.1.1.1.1.12	B.1.1.529.5.3.1.1.1.1.1.1.12	2022-10-21
BQ.1.1.13	BA.5.3.1.1.1.1.1.1.13	B.1.1.529.5.3.1.1.1.1.1.1.13	2022-10-23
BQ.1.1.14	BA.5.3.1.1.1.1.1.1.14	B.1.1.529.5.3.1.1.1.1.1.1.14	2022-10-31
CW.1	BA.5.3.1.1.1.1.1.1.14.1	B.1.1.529.5.3.1.1.1.1.1.1.14.1	2022-10-31
BQ.1.1.15	BA.5.3.1.1.1.1.1.1.15	B.1.1.529.5.3.1.1.1.1.1.1.15	2022-10-31
DM.1	BA.5.3.1.1.1.1.1.1.15.1	B.1.1.529.5.3.1.1.1.1.1.1.15.1	2022-12-07
BQ.1.1.16	BA.5.3.1.1.1.1.1.1.16	B.1.1.529.5.3.1.1.1.1.1.1.16	2022-10-31
BQ.1.1.17	BA.5.3.1.1.1.1.1.1.17	B.1.1.529.5.3.1.1.1.1.1.1.17	2022-10-31
BQ.1.1.18	BA.5.3.1.1.1.1.1.1.18	B.1.1.529.5.3.1.1.1.1.1.1.18	2022-10-31
BQ.1.1.19	BA.5.3.1.1.1.1.1.1.19	B.1.1.529.5.3.1.1.1.1.1.1.19	2022-10-31
BQ.1.1.20	BA.5.3.1.1.1.1.1.1.20	B.1.1.529.5.3.1.1.1.1.1.1.20	2022-11-03
BQ.1.1.21	BA.5.3.1.1.1.1.1.1.21	B.1.1.529.5.3.1.1.1.1.1.1.21	2022-11-03
BQ.1.1.22	BA.5.3.1.1.1.1.1.1.22	B.1.1.529.5.3.1.1.1.1.1.1.22	2022-11-03
BQ.1.1.23	BA.5.3.1.1.1.1.1.1.23	B.1.1.529.5.3.1.1.1.1.1.1.23	2022-11-04
BQ.1.1.24	BA.5.3.1.1.1.1.1.1.24	B.1.1.529.5.3.1.1.1.1.1.1.24	2022-11-04
BQ.1.1.25	BA.5.3.1.1.1.1.1.1.25	B.1.1.529.5.3.1.1.1.1.1.1.25	2022-11-22	#1350
BQ.1.1.26	BA.5.3.1.1.1.1.1.1.26	B.1.1.529.5.3.1.1.1.1.1.1.26	2022-12-01
BQ.1.1.27	BA.5.3.1.1.1.1.1.1.27	B.1.1.529.5.3.1.1.1.1.1.1.27	2022-12-02
BQ.1.1.28	BA.5.3.1.1.1.1.1.1.28	B.1.1.529.5.3.1.1.1.1.1.1.28	2022-12-04
BQ.1.2	BA.5.3.1.1.1.1.1.2	B.1.1.529.5.3.1.1.1.1.1.2	2022-09-23	#1082
BQ.1.3	BA.5.3.1.1.1.1.1.3	B.1.1.529.5.3.1.1.1.1.1.3	2022-09-23	#1082
BQ.1.4	BA.5.3.1.1.1.1.1.4	B.1.1.529.5.3.1.1.1.1.1.4	2022-10-03
BQ.1.5	BA.5.3.1.1.1.1.1.5	B.1.1.529.5.3.1.1.1.1.1.5	2022-10-11
BQ.1.6	BA.5.3.1.1.1.1.1.6	B.1.1.529.5.3.1.1.1.1.1.6	2022-10-11
BQ.1.7	BA.5.3.1.1.1.1.1.7	B.1.1.529.5.3.1.1.1.1.1.7	2022-10-11
BQ.1.8	BA.5.3.1.1.1.1.1.8	B.1.1.529.5.3.1.1.1.1.1.8	2022-10-11	#1202
BQ.1.8.1	BA.5.3.1.1.1.1.1.8.1	B.1.1.529.5.3.1.1.1.1.1.8.1	2022-10-15
BQ.1.8.2	BA.5.3.1.1.1.1.1.8.2	B.1.1.529.5.3.1.1.1.1.1.8.2	2022-10-15
BQ.1.9	BA.5.3.1.1.1.1.1.9	B.1.1.529.5.3.1.1.1.1.1.9	2022-10-11
BQ.1.10	BA.5.3.1.1.1.1.1.10	B.1.1.529.5.3.1.1.1.1.1.10	2022-10-13
BQ.1.10.1	BA.5.3.1.1.1.1.1.10.1	B.1.1.529.5.3.1.1.1.1.1.10.1	2022-10-15	#1189
BQ.1.11	BA.5.3.1.1.1.1.1.11	B.1.1.529.5.3.1.1.1.1.1.11	2022-10-13
BQ.1.12	BA.5.3.1.1.1.1.1.12	B.1.1.529.5.3.1.1.1.1.1.12	2022-10-13
BQ.1.13	BA.5.3.1.1.1.1.1.13	B.1.1.529.5.3.1.1.1.1.1.13	2022-10-13
BQ.1.14	BA.5.3.1.1.1.1.1.14	B.1.1.529.5.3.1.1.1.1.1.14	2022-10-13
BQ.1.15	BA.5.3.1.1.1.1.1.15	B.1.1.529.5.3.1.1.1.1.1.15	2022-10-13
BQ.1.16	BA.5.3.1.1.1.1.1.16	B.1.1.529.5.3.1.1.1.1.1.16	2022-10-13
BQ.1.17	BA.5.3.1.1.1.1.1.17	B.1.1.529.5.3.1.1.1.1.1.17	2022-10-13
BQ.1.18	BA.5.3.1.1.1.1.1.18	B.1.1.529.5.3.1.1.1.1.1.18	2022-10-15
BQ.1.19	BA.5.3.1.1.1.1.1.19	B.1.1.529.5.3.1.1.1.1.1.19	2022-10-15
BQ.1.20	BA.5.3.1.1.1.1.1.20	B.1.1.529.5.3.1.1.1.1.1.20	2022-10-16
BQ.1.21	BA.5.3.1.1.1.1.1.21	B.1.1.529.5.3.1.1.1.1.1.21	2022-11-01
BQ.1.22	BA.5.3.1.1.1.1.1.22	B.1.1.529.5.3.1.1.1.1.1.22	2022-11-02
BQ.1.23	BA.5.3.1.1.1.1.1.23	B.1.1.529.5.3.1.1.1.1.1.23	2022-11-03
BQ.1.24	BA.5.3.1.1.1.1.1.24	B.1.1.529.5.3.1.1.1.1.1.24	2022-11-04	#1240
BQ.1.25	BA.5.3.1.1.1.1.1.25	B.1.1.529.5.3.1.1.1.1.1.25	2022-11-05
BQ.1.25.1	BA.5.3.1.1.1.1.1.25.1	B.1.1.529.5.3.1.1.1.1.1.25.1	2022-12-21	#1451
BQ.1.26	BA.5.3.1.1.1.1.1.26	B.1.1.529.5.3.1.1.1.1.1.26	2022-11-12	#1315
BQ.1.26.1	BA.5.3.1.1.1.1.1.26.1	B.1.1.529.5.3.1.1.1.1.1.26.1	2022-12-04	#1369
BQ.2	BA.5.3.1.1.1.1.2	B.1.1.529.5.3.1.1.1.1.2	2022-10-13
BE.1.2	BA.5.3.1.1.2	B.1.1.529.5.3.1.1.2	2022-08-10	#923
BE.1.1.2	BA.5.3.1.1.1.2	B.1.1.529.5.3.1.1.1.2	2022-09-30
CC.1	BA.5.3.1.1.1.2.1	B.1.1.529.5.3.1.1.1.2.1	2022-09-30
BE.1.2.1	BA.5.3.1.1.2.1	B.1.1.529.5.3.1.1.2.1	2022-09-21	#1095
BE.1.3	BA.5.3.1.1.3	B.1.1.529.5.3.1.1.3	2022-08-26
BE.1.4	BA.5.3.1.1.4	B.1.1.529.5.3.1.1.4	2022-10-16
BE.1.4.1	BA.5.3.1.1.4.1	B.1.1.529.5.3.1.1.4.1	2022-10-16
BE.1.4.2	BA.5.3.1.1.4.2	B.1.1.529.5.3.1.1.4.2	2022-10-16
BE.1.4.3	BA.5.3.1.1.4.3	B.1.1.529.5.3.1.1.4.3	2022-10-16
BE.1.4.4	BA.5.3.1.1.4.4	B.1.1.529.5.3.1.1.4.4	2022-10-16
BE.2	BA.5.3.1.2	B.1.1.529.5.3.1.2	2022-06-24
BE.3	BA.5.3.1.3	B.1.1.529.5.3.1.3	2022-07-01
BE.4	BA.5.3.1.4	B.1.1.529.5.3.1.4	2022-09-30	#1115
BE.4.1	BA.5.3.1.4.1	B.1.1.529.5.3.1.4.1	2022-09-30	#1115
BE.4.1.1	BA.5.3.1.4.1.1	B.1.1.529.5.3.1.4.1.1	2022-09-30	#1115
CQ.1	BA.5.3.1.4.1.1.1	B.1.1.529.5.3.1.4.1.1.1	2022-10-13
CQ.1.1	BA.5.3.1.4.1.1.1.1	B.1.1.529.5.3.1.4.1.1.1.1	2022-11-05
CQ.2	BA.5.3.1.4.1.1.2	B.1.1.529.5.3.1.4.1.1.2	2022-10-20
BE.4.2	BA.5.3.1.4.2	B.1.1.529.5.3.1.4.2	2022-10-11	#1114
BE.5	BA.5.3.1.5	B.1.1.529.5.3.1.5	2022-10-13	#1281
BE.6	BA.5.3.1.6	B.1.1.529.5.3.1.6	2022-11-04
BE.7	BA.5.3.1.7	B.1.1.529.5.3.1.7	2022-11-04	#1280
BE.8	BA.5.3.1.8	B.1.1.529.5.3.1.8	2022-11-04	#1278
BE.9	BA.5.3.1.9	B.1.1.529.5.3.1.9	2022-11-12	#1302
BE.10	BA.5.3.1.10	B.1.1.529.5.3.1.10	2022-12-15	#1411
BA.5.3.2	BA.5.3.2	B.1.1.529.5.3.2	2022-06-13	#697
BA.5.3.3	BA.5.3.3	B.1.1.529.5.3.3	2022-06-24
BA.5.3.4	BA.5.3.4	B.1.1.529.5.3.4	2022-06-24
BA.5.3.5	BA.5.3.5	B.1.1.529.5.3.5	2022-10-07	#1042
BA.5.5	BA.5.5	B.1.1.529.5.5	2022-06-06	#656
BA.5.5.1	BA.5.5.1	B.1.1.529.5.5.1	2022-08-16	#873
BA.5.5.2	BA.5.5.2	B.1.1.529.5.5.2	2022-08-29	#938
BA.5.5.3	BA.5.5.3	B.1.1.529.5.5.3	2022-09-02	#1015
BA.5.6	BA.5.6	B.1.1.529.5.6	2022-06-24
BA.5.6.1	BA.5.6.1	B.1.1.529.5.6.1	2022-07-22
BA.5.6.2	BA.5.6.2	B.1.1.529.5.6.2	2022-08-15	#903
BA.5.6.3	BA.5.6.3	B.1.1.529.5.6.3	2022-10-11	#1118
BA.5.6.4	BA.5.6.4	B.1.1.529.5.6.4	2022-10-17	#1191
BW.1	BA.5.6.2.1	B.1.1.529.5.6.2.1	2022-09-18	#1059
BW.1.1	BA.5.6.2.1.1	B.1.1.529.5.6.2.1.1	2022-11-20	#1341
BA.5.7	BA.5.7	B.1.1.529.5.7	2022-07-22
BA.5.8	BA.5.8	B.1.1.529.5.8	2022-07-24	#743
BA.5.9	BA.5.9	B.1.1.529.5.9	2022-07-24	#753
BA.5.10	BA.5.10	B.1.1.529.5.10	2022-08-18	#936
BA.5.10.1	BA.5.10.1	B.1.1.529.5.10.1	2022-09-18	#1031
DF.1	BA.5.10.1.1	B.1.1.529.5.10.1.1	2022-11-06	#1270
BA.5.11	BA.5.11	B.1.1.529.5.11	2022-11-04	#1277
